Test Size,Random State,C,Penalty,Solver,Class Weight,Accuracy,Precision,Recall
0.15,42,0.1,l1,liblinear,,0.6857142857142857,0.7563111398405515,0.7366013071895424
0.15,42,0.1,l1,liblinear,balanced,0.6785714285714286,0.7881948933419521,0.6549019607843137
0.15,42,0.1,l2,liblinear,,0.75,0.7936764705882353,0.8045751633986928
0.15,42,0.1,l2,liblinear,balanced,0.7142857142857143,0.796502795450164,0.7235294117647059
0.15,42,1.0,l1,liblinear,,0.75,0.7974060150375939,0.8045751633986928
0.15,42,1.0,l1,liblinear,balanced,0.7428571428571429,0.8148872180451129,0.7588235294117647
0.15,42,1.0,l2,liblinear,,0.7285714285714286,0.7810737628384687,0.7810457516339869
0.15,42,1.0,l2,liblinear,balanced,0.7214285714285714,0.7838888888888889,0.7581699346405228
0.15,42,10.0,l1,liblinear,,0.6928571428571428,0.7669467787114845,0.7222222222222222
0.15,42,10.0,l1,liblinear,balanced,0.6857142857142857,0.7654761904761904,0.711111111111111
0.15,42,10.0,l2,liblinear,,0.6857142857142857,0.7537721755368814,0.734640522875817
0.15,42,10.0,l2,liblinear,balanced,0.7,0.7804007756948933,0.7228758169934641
0.15,42,100.0,l1,liblinear,,0.6928571428571428,0.7833746319040437,0.7
0.15,42,100.0,l1,liblinear,balanced,0.6928571428571428,0.7833746319040437,0.7
0.15,42,100.0,l2,liblinear,,0.7142857142857142,0.7973280202769366,0.7228758169934641
0.15,42,100.0,l2,liblinear,balanced,0.7142857142857142,0.7973280202769366,0.7228758169934641
0.15,42,1000.0,l1,liblinear,,0.6857142857142857,0.7730805142569848,0.7
0.15,42,1000.0,l1,liblinear,balanced,0.6857142857142857,0.7730805142569848,0.7
0.15,42,1000.0,l2,liblinear,,0.7142857142857143,0.7987145748987854,0.7235294117647059
0.15,42,1000.0,l2,liblinear,balanced,0.7142857142857143,0.7987145748987854,0.7235294117647059
0.15,123,0.1,l1,liblinear,,0.6571428571428571,0.7168565799525553,0.7503267973856209
0.15,123,0.1,l1,liblinear,balanced,0.6142857142857143,0.7329023917259212,0.6130718954248365
0.15,123,0.1,l2,liblinear,,0.6714285714285715,0.756517094017094,0.7039215686274509
0.15,123,0.1,l2,liblinear,balanced,0.6571428571428571,0.7901820728291316,0.634640522875817
0.15,123,1.0,l1,liblinear,,0.7071428571428571,0.7972222222222222,0.7267973856209149
0.15,123,1.0,l1,liblinear,balanced,0.6928571428571428,0.804282095613365,0.6816993464052288
0.15,123,1.0,l2,liblinear,,0.6928571428571428,0.7673099415204678,0.7372549019607842
0.15,123,1.0,l2,liblinear,balanced,0.6642857142857143,0.7580555555555556,0.692156862745098
0.15,123,10.0,l1,liblinear,,0.6571428571428571,0.7394582704876822,0.7032679738562091
0.15,123,10.0,l1,liblinear,balanced,0.6714285714285715,0.7651604278074867,0.6915032679738562
0.15,123,10.0,l2,liblinear,,0.6642857142857143,0.7435674748368246,0.7137254901960784
0.15,123,10.0,l2,liblinear,balanced,0.6642857142857144,0.7513719124013242,0.7026143790849674
0.15,123,100.0,l1,liblinear,,0.6714285714285715,0.7616666666666667,0.6908496732026144
0.15,123,100.0,l1,liblinear,balanced,0.6571428571428571,0.7529761904761905,0.6797385620915033
0.15,123,100.0,l2,liblinear,,0.6571428571428571,0.7314462627156125,0.7137254901960784
0.15,123,100.0,l2,liblinear,balanced,0.65,0.7285050862450243,0.7026143790849673
0.15,123,1000.0,l1,liblinear,,0.6357142857142857,0.720690094219506,0.6797385620915033
0.15,123,1000.0,l1,liblinear,balanced,0.6357142857142857,0.720690094219506,0.6797385620915033
0.15,123,1000.0,l2,liblinear,,0.6428571428571428,0.7224444801844182,0.6908496732026144
0.15,123,1000.0,l2,liblinear,balanced,0.6428571428571428,0.7224444801844182,0.6908496732026144
0.15,456,0.1,l1,liblinear,,0.6428571428571428,0.7265714285714285,0.7497076023391813
0.15,456,0.1,l1,liblinear,balanced,0.6571428571428571,0.8221428571428572,0.6309941520467837
0.15,456,0.1,l2,liblinear,,0.7071428571428571,0.7788239538239538,0.7818713450292398
0.15,456,0.1,l2,liblinear,balanced,0.7357142857142857,0.8445658263305322,0.7385964912280701
0.15,456,1.0,l1,liblinear,,0.7071428571428572,0.7851963241436926,0.7725146198830408
0.15,456,1.0,l1,liblinear,balanced,0.7142857142857143,0.8237820512820513,0.728654970760234
0.15,456,1.0,l2,liblinear,,0.7428571428571429,0.8129761904761905,0.8046783625730995
0.15,456,1.0,l2,liblinear,balanced,0.7142857142857142,0.8106792717086835,0.7502923976608187
0.15,456,10.0,l1,liblinear,,0.7357142857142858,0.7926507445083296,0.8152046783625732
0.15,456,10.0,l1,liblinear,balanced,0.7357142857142858,0.7926507445083296,0.8152046783625732
0.15,456,10.0,l2,liblinear,,0.7285714285714285,0.7904448621553886,0.804093567251462
0.15,456,10.0,l2,liblinear,balanced,0.7214285714285713,0.7879448621553885,0.7929824561403509
0.15,456,100.0,l1,liblinear,,0.7285714285714286,0.7908963585434174,0.8046783625730995
0.15,456,100.0,l1,liblinear,balanced,0.7285714285714286,0.7908963585434174,0.8046783625730995
0.15,456,100.0,l2,liblinear,,0.7285714285714285,0.7904448621553886,0.804093567251462
0.15,456,100.0,l2,liblinear,balanced,0.7285714285714285,0.7904448621553886,0.804093567251462
0.15,456,1000.0,l1,liblinear,,0.7357142857142858,0.7932773109243698,0.8157894736842106
0.15,456,1000.0,l1,liblinear,balanced,0.7357142857142858,0.7932773109243698,0.8157894736842106
0.15,456,1000.0,l2,liblinear,,0.7357142857142858,0.7928258145363409,0.8152046783625732
0.15,456,1000.0,l2,liblinear,balanced,0.7214285714285714,0.7886904761904763,0.7935672514619883
0.15,89,0.1,l1,liblinear,,0.6642857142857143,0.7688532382650031,0.6323529411764706
0.15,89,0.1,l1,liblinear,balanced,0.6857142857142857,0.8043137254901961,0.6323529411764707
0.15,89,0.1,l2,liblinear,,0.7714285714285714,0.818954248366013,0.7985294117647059
0.15,89,0.1,l2,liblinear,balanced,0.75,0.824812834224599,0.7382352941176471
0.15,89,1.0,l1,liblinear,,0.6785714285714286,0.7382819794584501,0.7154411764705884
0.15,89,1.0,l1,liblinear,balanced,0.6857142857142857,0.7548265460030166,0.7029411764705883
0.15,89,1.0,l2,liblinear,,0.7142857142857144,0.7802287581699348,0.7389705882352942
0.15,89,1.0,l2,liblinear,balanced,0.6857142857142857,0.7661764705882353,0.6911764705882353
0.15,89,10.0,l1,liblinear,,0.6857142857142857,0.7355392156862746,0.7514705882352942
0.15,89,10.0,l1,liblinear,balanced,0.6857142857142857,0.7355392156862746,0.7514705882352942
0.15,89,10.0,l2,liblinear,,0.6785714285714286,0.7399836601307189,0.7154411764705882
0.15,89,10.0,l2,liblinear,balanced,0.6857142857142857,0.7514122315592904,0.7154411764705882
0.15,89,100.0,l1,liblinear,,0.6857142857142857,0.7387409700722395,0.7397058823529412
0.15,89,100.0,l1,liblinear,balanced,0.6857142857142857,0.7387409700722395,0.7397058823529412
0.15,89,100.0,l2,liblinear,,0.6857142857142857,0.7387409700722395,0.7397058823529412
0.15,89,100.0,l2,liblinear,balanced,0.6928571428571428,0.7501695415008108,0.7397058823529412
0.15,89,1000.0,l1,liblinear,,0.6928571428571428,0.7501695415008108,0.7397058823529412
0.15,89,1000.0,l1,liblinear,balanced,0.6928571428571428,0.7501695415008108,0.7397058823529412
0.15,89,1000.0,l2,liblinear,,0.6785714285714286,0.7316176470588236,0.7397058823529412
0.15,89,1000.0,l2,liblinear,balanced,0.6928571428571428,0.7469677871148459,0.7514705882352942
0.2,42,0.1,l1,liblinear,,0.6806267806267805,0.7553581222698871,0.7161764705882353
0.2,42,0.1,l1,liblinear,balanced,0.666096866096866,0.7752788388082507,0.6441176470588236
0.2,42,0.1,l2,liblinear,,0.7193732193732194,0.7847899159663865,0.7551470588235294
0.2,42,0.1,l2,liblinear,balanced,0.7116809116809117,0.7993514328808446,0.7183823529411765
0.2,42,1.0,l1,liblinear,,0.7424501424501424,0.7945284780578898,0.7919117647058823
0.2,42,1.0,l1,liblinear,balanced,0.6974358974358974,0.7857142857142857,0.7080882352941177
0.2,42,1.0,l2,liblinear,,0.697150997150997,0.7565522875816993,0.7558823529411764
0.2,42,1.0,l2,liblinear,balanced,0.6971509971509973,0.7698669467787116,0.7316176470588236
0.2,42,10.0,l1,liblinear,,0.6376068376068377,0.7099206349206348,0.7088235294117646
0.2,42,10.0,l1,liblinear,balanced,0.6301994301994303,0.7059990662931839,0.6970588235294117
0.2,42,10.0,l2,liblinear,,0.6441595441595441,0.7161111111111111,0.7080882352941177
0.2,42,10.0,l2,liblinear,balanced,0.629059829059829,0.708968253968254,0.6838235294117647
0.2,42,100.0,l1,liblinear,,0.652991452991453,0.7185448916408669,0.7220588235294118
0.2,42,100.0,l1,liblinear,balanced,0.652991452991453,0.7185448916408669,0.7220588235294118
0.2,42,100.0,l2,liblinear,,0.6521367521367522,0.720687748783724,0.7205882352941176
0.2,42,100.0,l2,liblinear,balanced,0.6447293447293447,0.7170112781954887,0.7088235294117646
0.2,42,1000.0,l1,liblinear,,0.62991452991453,0.7080629174746822,0.6852941176470588
0.2,42,1000.0,l1,liblinear,balanced,0.62991452991453,0.7080629174746822,0.6852941176470588
0.2,42,1000.0,l2,liblinear,,0.6370370370370371,0.7096428571428571,0.7088235294117646
0.2,42,1000.0,l2,liblinear,balanced,0.6370370370370371,0.7096428571428571,0.7088235294117646
0.2,123,0.1,l1,liblinear,,0.6059829059829059,0.691421568627451,0.6757352941176471
0.2,123,0.1,l1,liblinear,balanced,0.613960113960114,0.7362637362637362,0.6029411764705882
0.2,123,0.1,l2,liblinear,,0.69002849002849,0.7726923076923077,0.7227941176470588
0.2,123,0.1,l2,liblinear,balanced,0.6897435897435897,0.8287667887667889,0.6625
0.2,123,1.0,l1,liblinear,,0.7048433048433049,0.787170868347339,0.7477941176470588
0.2,123,1.0,l1,liblinear,balanced,0.7122507122507123,0.8129201680672269,0.7352941176470588
0.2,123,1.0,l2,liblinear,,0.71994301994302,0.8068181818181819,0.7470588235294118
0.2,123,1.0,l2,liblinear,balanced,0.7048433048433048,0.8188461538461539,0.7110294117647059
0.2,123,10.0,l1,liblinear,,0.7205128205128205,0.7991666666666667,0.7610294117647058
0.2,123,10.0,l1,liblinear,balanced,0.7205128205128205,0.7991666666666667,0.7610294117647058
0.2,123,10.0,l2,liblinear,,0.7125356125356126,0.8028702180172769,0.7352941176470588
0.2,123,10.0,l2,liblinear,balanced,0.71994301994302,0.821052036199095,0.7352941176470588
0.2,123,100.0,l1,liblinear,,0.7356125356125356,0.8109848484848484,0.7727941176470587
0.2,123,100.0,l1,liblinear,balanced,0.7282051282051282,0.8091666666666667,0.7610294117647058
0.2,123,100.0,l2,liblinear,,0.7128205128205127,0.8030128205128205,0.7360294117647059
0.2,123,100.0,l2,liblinear,balanced,0.7051282051282051,0.7991666666666667,0.7235294117647059
0.2,123,1000.0,l1,liblinear,,0.7282051282051282,0.8022222222222222,0.7727941176470589
0.2,123,1000.0,l1,liblinear,balanced,0.7433048433048433,0.8131907308377896,0.7845588235294118
0.2,123,1000.0,l2,liblinear,,0.7051282051282051,0.7934539969834088,0.7360294117647059
0.2,123,1000.0,l2,liblinear,balanced,0.6974358974358974,0.789607843137255,0.7235294117647059
0.2,456,0.1,l1,liblinear,,0.621082621082621,0.6897777777777777,0.7993464052287582
0.2,456,0.1,l1,liblinear,balanced,0.6438746438746439,0.8097358781569308,0.630718954248366
0.2,456,0.1,l2,liblinear,,0.7196581196581198,0.7837552772305094,0.8209150326797385
0.2,456,0.1,l2,liblinear,balanced,0.7125356125356126,0.833544891640867,0.7313725490196078
0.2,456,1.0,l1,liblinear,,0.71994301994302,0.8174725274725274,0.7764705882352941
0.2,456,1.0,l1,liblinear,balanced,0.7125356125356126,0.8261904761904763,0.7542483660130719
0.2,456,1.0,l2,liblinear,,0.7424501424501424,0.8289431157078215,0.7986928104575164
0.2,456,1.0,l2,liblinear,balanced,0.7196581196581197,0.8231742818584925,0.7653594771241831
0.2,456,10.0,l1,liblinear,,0.7267806267806268,0.8090336134453782,0.7875816993464053
0.2,456,10.0,l1,liblinear,balanced,0.7267806267806268,0.8090336134453782,0.7875816993464053
0.2,456,10.0,l2,liblinear,,0.7267806267806268,0.8020891690009337,0.7986928104575164
0.2,456,10.0,l2,liblinear,balanced,0.7193732193732194,0.7994747899159664,0.7875816993464053
0.2,456,100.0,l1,liblinear,,0.7344729344729345,0.8112394957983193,0.7986928104575164
0.2,456,100.0,l1,liblinear,balanced,0.7344729344729345,0.8112394957983193,0.7986928104575164
0.2,456,100.0,l2,liblinear,,0.7418803418803419,0.8134453781512605,0.8098039215686275
0.2,456,100.0,l2,liblinear,balanced,0.7418803418803419,0.8134453781512605,0.8098039215686275
0.2,456,1000.0,l1,liblinear,,0.7418803418803419,0.8134453781512605,0.8098039215686275
0.2,456,1000.0,l1,liblinear,balanced,0.7418803418803419,0.8134453781512605,0.8098039215686275
0.2,456,1000.0,l2,liblinear,,0.7418803418803419,0.8134453781512605,0.8098039215686275
0.2,456,1000.0,l2,liblinear,balanced,0.7344729344729345,0.8119747899159663,0.7986928104575164
0.2,89,0.1,l1,liblinear,,0.6136752136752136,0.7552380952380952,0.5191666666666667
0.2,89,0.1,l1,liblinear,balanced,0.6361823361823362,0.7595238095238095,0.5566666666666666
0.2,89,0.1,l2,liblinear,,0.7273504273504274,0.7993894993894994,0.735
0.2,89,0.1,l2,liblinear,balanced,0.711965811965812,0.8126050420168067,0.6833333333333333
0.2,89,1.0,l1,liblinear,,0.6595441595441596,0.725,0.6966666666666667
0.2,89,1.0,l1,liblinear,balanced,0.6441595441595442,0.7237271062271062,0.6583333333333333
0.2,89,1.0,l2,liblinear,,0.6675213675213676,0.7343223443223443,0.7091666666666667
0.2,89,1.0,l2,liblinear,balanced,0.6675213675213676,0.7441125541125542,0.6966666666666667
0.2,89,10.0,l1,liblinear,,0.6595441595441595,0.7167300604452308,0.7224999999999999
0.2,89,10.0,l1,liblinear,balanced,0.6669515669515669,0.7248182957393483,0.7224999999999999
0.2,89,10.0,l2,liblinear,,0.6749287749287749,0.7464736501888205,0.7091666666666667
0.2,89,10.0,l2,liblinear,balanced,0.6749287749287749,0.7464736501888205,0.7091666666666667
0.2,89,100.0,l1,liblinear,,0.6521367521367522,0.7098879551820728,0.7224999999999999
0.2,89,100.0,l1,liblinear,balanced,0.6521367521367522,0.7098879551820728,0.7224999999999999
0.2,89,100.0,l2,liblinear,,0.6675213675213676,0.7314996767937945,0.7224999999999999
0.2,89,100.0,l2,liblinear,balanced,0.6675213675213676,0.7314996767937945,0.7224999999999999
0.2,89,1000.0,l1,liblinear,,0.6672364672364671,0.7253092006033184,0.735
0.2,89,1000.0,l1,liblinear,balanced,0.6521367521367522,0.7191187244128421,0.7091666666666667
0.2,89,1000.0,l2,liblinear,,0.6598290598290599,0.7286425339366516,0.7091666666666667
0.2,89,1000.0,l2,liblinear,balanced,0.6598290598290599,0.7286425339366516,0.7091666666666667
0.25,42,0.1,l1,liblinear,,0.6823333333333335,0.7630325814536341,0.7283333333333333
0.25,42,0.1,l1,liblinear,balanced,0.6986666666666668,0.8035256410256408,0.6900000000000001
0.25,42,0.1,l2,liblinear,,0.7316666666666667,0.7932369101486748,0.7791666666666666
0.25,42,0.1,l2,liblinear,balanced,0.6993333333333334,0.8016892911010558,0.7158333333333333
0.25,42,1.0,l1,liblinear,,0.724,0.7758810960281549,0.7925000000000001
0.25,42,1.0,l1,liblinear,balanced,0.7083333333333333,0.8038279857397506,0.7291666666666666
0.25,42,1.0,l2,liblinear,,0.6993333333333334,0.7609243697478991,0.7666666666666666
0.25,42,1.0,l2,liblinear,balanced,0.675,0.7517533936651584,0.7283333333333333
0.25,42,10.0,l1,liblinear,,0.6353333333333333,0.7230330634278003,0.7016666666666667
0.25,42,10.0,l1,liblinear,balanced,0.6353333333333333,0.7230330634278003,0.7016666666666667
0.25,42,10.0,l2,liblinear,,0.6513333333333333,0.7253092006033183,0.7283333333333333
0.25,42,10.0,l2,liblinear,balanced,0.6676666666666666,0.7474999999999999,0.7283333333333333
0.25,42,100.0,l1,liblinear,,0.6183333333333334,0.7087608160673178,0.6875
0.25,42,100.0,l1,liblinear,balanced,0.6183333333333334,0.7087608160673178,0.6875
0.25,42,100.0,l2,liblinear,,0.6676666666666666,0.7433333333333333,0.7408333333333333
0.25,42,100.0,l2,liblinear,balanced,0.6676666666666666,0.7433333333333333,0.7408333333333333
0.25,42,1000.0,l1,liblinear,,0.6346666666666667,0.7303450797568445,0.6875
0.25,42,1000.0,l1,liblinear,balanced,0.6346666666666667,0.7303450797568445,0.6875
0.25,42,1000.0,l2,liblinear,,0.6676666666666666,0.7433333333333333,0.7408333333333333
0.25,42,1000.0,l2,liblinear,balanced,0.6593333333333333,0.7395238095238095,0.7274999999999999
0.25,123,0.1,l1,liblinear,,0.6016666666666667,0.6856862745098039,0.6975
0.25,123,0.1,l1,liblinear,balanced,0.6343333333333334,0.7574425574425574,0.6208333333333333
0.25,123,0.1,l2,liblinear,,0.666,0.7556043956043956,0.7075
0.25,123,0.1,l2,liblinear,balanced,0.6986666666666668,0.8113186813186812,0.6950000000000001
0.25,123,1.0,l1,liblinear,,0.6980000000000001,0.7698529411764706,0.7575000000000001
0.25,123,1.0,l1,liblinear,balanced,0.7230000000000001,0.8166125541125542,0.7325
0.25,123,1.0,l2,liblinear,,0.7390000000000001,0.8118697478991596,0.77
0.25,123,1.0,l2,liblinear,balanced,0.7230000000000001,0.8153571428571429,0.7325
0.25,123,10.0,l1,liblinear,,0.7070000000000001,0.7690497737556561,0.77
0.25,123,10.0,l1,liblinear,balanced,0.7066666666666668,0.7764027149321266,0.7575000000000001
0.25,123,10.0,l2,liblinear,,0.74,0.798858543417367,0.7966666666666666
0.25,123,10.0,l2,liblinear,balanced,0.7396666666666667,0.8063951734539969,0.7833333333333333
0.25,123,100.0,l1,liblinear,,0.7073333333333334,0.7634453781512605,0.7833333333333333
0.25,123,100.0,l1,liblinear,balanced,0.6990000000000001,0.7612394957983193,0.7708333333333333
0.25,123,100.0,l2,liblinear,,0.7236666666666667,0.7860030165912518,0.7833333333333333
0.25,123,100.0,l2,liblinear,balanced,0.7316666666666667,0.7955618401206637,0.7833333333333333
0.25,123,1000.0,l1,liblinear,,0.6990000000000001,0.7676772247360483,0.7575000000000001
0.25,123,1000.0,l1,liblinear,balanced,0.7236666666666667,0.7930618401206636,0.7708333333333333
0.25,123,1000.0,l2,liblinear,,0.7153333333333334,0.7751696832579185,0.7833333333333333
0.25,123,1000.0,l2,liblinear,balanced,0.7236666666666667,0.7860030165912518,0.7833333333333333
0.25,456,0.1,l1,liblinear,,0.6586666666666667,0.7152597402597402,0.8191176470588235
0.25,456,0.1,l1,liblinear,balanced,0.6593333333333334,0.8203418803418803,0.6411764705882353
0.25,456,0.1,l2,liblinear,,0.692,0.7825641025641026,0.7610294117647058
0.25,456,0.1,l2,liblinear,balanced,0.7003333333333333,0.8342663219133808,0.7022058823529411
0.25,456,1.0,l1,liblinear,,0.6746666666666667,0.7509803921568626,0.7852941176470589
0.25,456,1.0,l1,liblinear,balanced,0.692,0.8029411764705883,0.7375
0.25,456,1.0,l2,liblinear,,0.7163333333333334,0.7949673202614379,0.7852941176470588
0.25,456,1.0,l2,liblinear,balanced,0.708,0.8023062558356676,0.7610294117647058
0.25,456,10.0,l1,liblinear,,0.708,0.7934967320261437,0.7735294117647058
0.25,456,10.0,l1,liblinear,balanced,0.708,0.7934967320261437,0.7735294117647058
0.25,456,10.0,l2,liblinear,,0.7156666666666667,0.7887581699346404,0.7970588235294118
0.25,456,10.0,l2,liblinear,balanced,0.7076666666666667,0.7932539682539682,0.7727941176470587
0.25,456,100.0,l1,liblinear,,0.724,0.8061111111111112,0.7852941176470587
0.25,456,100.0,l1,liblinear,balanced,0.716,0.8034967320261439,0.7735294117647058
0.25,456,100.0,l2,liblinear,,0.7076666666666667,0.800639589169001,0.7610294117647058
0.25,456,100.0,l2,liblinear,balanced,0.7076666666666667,0.800639589169001,0.7610294117647058
0.25,456,1000.0,l1,liblinear,,0.7076666666666667,0.7932539682539682,0.7727941176470587
0.25,456,1000.0,l1,liblinear,balanced,0.7156666666666667,0.8032539682539683,0.7727941176470587
0.25,456,1000.0,l2,liblinear,,0.7076666666666667,0.800639589169001,0.7610294117647058
0.25,456,1000.0,l2,liblinear,balanced,0.7076666666666667,0.800639589169001,0.7610294117647058
0.25,89,0.1,l1,liblinear,,0.593,0.7068598068598069,0.5285714285714286
0.25,89,0.1,l1,liblinear,balanced,0.6013333333333333,0.7116217116217116,0.5428571428571429
0.25,89,0.1,l2,liblinear,,0.6910000000000001,0.7351046176046176,0.7504761904761905
0.25,89,0.1,l2,liblinear,balanced,0.6663333333333333,0.7599000999001,0.64
0.25,89,1.0,l1,liblinear,,0.6666666666666666,0.7261904761904762,0.6942857142857143
0.25,89,1.0,l1,liblinear,balanced,0.6426666666666667,0.7137362637362638,0.6533333333333333
0.25,89,1.0,l2,liblinear,,0.6993333333333334,0.7490018315018314,0.7361904761904762
0.25,89,1.0,l2,liblinear,balanced,0.6586666666666667,0.7383616383616385,0.6533333333333333
0.25,89,10.0,l1,liblinear,,0.651,0.7085048285048284,0.6695238095238094
0.25,89,10.0,l1,liblinear,balanced,0.659,0.7189810189810188,0.6695238095238094
0.25,89,10.0,l2,liblinear,,0.6836666666666666,0.738974358974359,0.7104761904761905
0.25,89,10.0,l2,liblinear,balanced,0.6836666666666666,0.738974358974359,0.7104761904761905
0.25,89,100.0,l1,liblinear,,0.651,0.7014718614718615,0.6838095238095238
0.25,89,100.0,l1,liblinear,balanced,0.659,0.7090476190476191,0.6971428571428572
0.25,89,100.0,l2,liblinear,,0.6673333333333333,0.7204761904761905,0.6971428571428572
0.25,89,100.0,l2,liblinear,balanced,0.6673333333333333,0.7204761904761905,0.6971428571428572
0.25,89,1000.0,l1,liblinear,,0.6586666666666667,0.7142124542124542,0.6961904761904761
0.25,89,1000.0,l1,liblinear,balanced,0.675,0.7279853479853479,0.7095238095238094
0.25,89,1000.0,l2,liblinear,,0.6676666666666666,0.7292673992673994,0.6838095238095238
0.25,89,1000.0,l2,liblinear,balanced,0.6676666666666666,0.7292673992673994,0.6838095238095238
0.3,42,0.1,l1,liblinear,,0.6869565217391304,0.7656395891690009,0.7704761904761905
0.3,42,0.1,l1,liblinear,balanced,0.6956521739130433,0.8035589410589411,0.7038095238095238
0.3,42,0.1,l2,liblinear,,0.7652173913043478,0.8462626262626263,0.7980952380952381
0.3,42,0.1,l2,liblinear,balanced,0.7391304347826086,0.845748369277781,0.7428571428571428
0.3,42,1.0,l1,liblinear,,0.7391304347826086,0.8315873015873017,0.7704761904761905
0.3,42,1.0,l1,liblinear,balanced,0.6956521739130435,0.8250226244343892,0.702857142857143
0.3,42,1.0,l2,liblinear,,0.7391304347826086,0.8124423383633911,0.797142857142857
0.3,42,1.0,l2,liblinear,balanced,0.7304347826086955,0.835803144224197,0.7571428571428571
0.3,42,10.0,l1,liblinear,,0.6695652173913044,0.7691296869625044,0.7304761904761905
0.3,42,10.0,l1,liblinear,balanced,0.6695652173913044,0.7691296869625044,0.7304761904761905
0.3,42,10.0,l2,liblinear,,0.7217391304347825,0.8096451355661882,0.7704761904761904
0.3,42,10.0,l2,liblinear,balanced,0.7130434782608694,0.8071451355661882,0.7571428571428571
0.3,42,100.0,l1,liblinear,,0.6782608695652175,0.7716937895266069,0.7438095238095237
0.3,42,100.0,l1,liblinear,balanced,0.6869565217391304,0.7792961287078934,0.7438095238095237
0.3,42,100.0,l2,liblinear,,0.6956521739130435,0.780772430184195,0.7571428571428571
0.3,42,100.0,l2,liblinear,balanced,0.7130434782608694,0.8047474747474748,0.7571428571428571
0.3,42,1000.0,l1,liblinear,,0.6695652173913044,0.772351684263449,0.7171428571428571
0.3,42,1000.0,l1,liblinear,balanced,0.6782608695652175,0.7864542483660131,0.7171428571428571
0.3,42,1000.0,l2,liblinear,,0.7217391304347825,0.8107189542483659,0.7704761904761904
0.3,42,1000.0,l2,liblinear,balanced,0.7130434782608696,0.8074509803921568,0.7571428571428571
0.3,123,0.1,l1,liblinear,,0.6,0.7168498168498169,0.6219047619047618
0.3,123,0.1,l1,liblinear,balanced,0.6347826086956522,0.8093506493506494,0.5685714285714285
0.3,123,0.1,l2,liblinear,,0.6869565217391305,0.7926282051282052,0.7038095238095238
0.3,123,0.1,l2,liblinear,balanced,0.6521739130434783,0.7857242757242757,0.6352380952380952
0.3,123,1.0,l1,liblinear,,0.7217391304347827,0.8352380952380951,0.7314285714285714
0.3,123,1.0,l1,liblinear,balanced,0.7130434782608696,0.8543223443223443,0.6904761904761905
0.3,123,1.0,l2,liblinear,,0.7304347826086957,0.8194049088166734,0.7571428571428571
0.3,123,1.0,l2,liblinear,balanced,0.7217391304347827,0.8238461538461538,0.7295238095238095
0.3,123,10.0,l1,liblinear,,0.7478260869565216,0.8406593406593407,0.7704761904761904
0.3,123,10.0,l1,liblinear,balanced,0.7304347826086957,0.8406593406593407,0.7438095238095238
0.3,123,10.0,l2,liblinear,,0.7652173913043478,0.8381196581196579,0.7971428571428572
0.3,123,10.0,l2,liblinear,balanced,0.7565217391304347,0.8422069597069596,0.7704761904761905
0.3,123,100.0,l1,liblinear,,0.7478260869565216,0.8505128205128205,0.7571428571428571
0.3,123,100.0,l1,liblinear,balanced,0.7478260869565216,0.8505128205128205,0.7571428571428571
0.3,123,100.0,l2,liblinear,,0.7652173913043477,0.8671753246753247,0.7561904761904763
0.3,123,100.0,l2,liblinear,balanced,0.7652173913043477,0.8671753246753247,0.7561904761904763
0.3,123,1000.0,l1,liblinear,,0.7652173913043477,0.8510489510489512,0.7847619047619048
0.3,123,1000.0,l1,liblinear,balanced,0.7478260869565216,0.8475565610859729,0.7571428571428571
0.3,123,1000.0,l2,liblinear,,0.7652173913043477,0.8671753246753247,0.7561904761904763
0.3,123,1000.0,l2,liblinear,balanced,0.7652173913043477,0.8671753246753247,0.7561904761904763
0.3,456,0.1,l1,liblinear,,0.608695652173913,0.6726515151515151,0.82
0.3,456,0.1,l1,liblinear,balanced,0.608695652173913,0.8055555555555556,0.5808333333333333
0.3,456,0.1,l2,liblinear,,0.7043478260869565,0.8038638648932765,0.7591666666666667
0.3,456,0.1,l2,liblinear,balanced,0.6608695652173913,0.832978132978133,0.6333333333333333
0.3,456,1.0,l1,liblinear,,0.6782608695652174,0.7669934640522876,0.7725
0.3,456,1.0,l1,liblinear,balanced,0.6782608695652174,0.7866666666666667,0.735
0.3,456,1.0,l2,liblinear,,0.6956521739130436,0.7944444444444445,0.76
0.3,456,1.0,l2,liblinear,balanced,0.6695652173913044,0.8003030303030304,0.6958333333333333
0.3,456,10.0,l1,liblinear,,0.6521739130434783,0.7774458874458874,0.6966666666666667
0.3,456,10.0,l1,liblinear,balanced,0.6521739130434783,0.7905128205128206,0.6833333333333333
0.3,456,10.0,l2,liblinear,,0.6869565217391305,0.7970537305831423,0.7341666666666666
0.3,456,10.0,l2,liblinear,balanced,0.6956521739130435,0.8066125541125542,0.7341666666666666
0.3,456,100.0,l1,liblinear,,0.6521739130434783,0.7834539969834087,0.6958333333333333
0.3,456,100.0,l1,liblinear,balanced,0.6434782608695653,0.7805128205128204,0.6833333333333333
0.3,456,100.0,l2,liblinear,,0.6782608695652174,0.7851984126984127,0.7341666666666666
0.3,456,100.0,l2,liblinear,balanced,0.6695652173913043,0.7877187028657617,0.7083333333333333
0.3,456,1000.0,l1,liblinear,,0.6521739130434783,0.7902187028657617,0.6833333333333333
0.3,456,1000.0,l1,liblinear,balanced,0.6521739130434783,0.7902187028657617,0.6833333333333333
0.3,456,1000.0,l2,liblinear,,0.6608695652173914,0.7785683760683761,0.7083333333333333
0.3,456,1000.0,l2,liblinear,balanced,0.6695652173913043,0.7877187028657617,0.7083333333333333
0.3,89,0.1,l1,liblinear,,0.5913043478260869,0.6885711510711511,0.5692307692307692
0.3,89,0.1,l1,liblinear,balanced,0.6260869565217392,0.7198593073593074,0.6142857142857143
0.3,89,0.1,l2,liblinear,,0.6956521739130435,0.7375091575091576,0.7461538461538462
0.3,89,0.1,l2,liblinear,balanced,0.6956521739130433,0.7616217116217117,0.7021978021978021
0.3,89,1.0,l1,liblinear,,0.6695652173913043,0.7204761904761904,0.7021978021978021
0.3,89,1.0,l1,liblinear,balanced,0.6782608695652175,0.7409090909090909,0.6879120879120879
0.3,89,1.0,l2,liblinear,,0.6956521739130436,0.7323776223776225,0.7461538461538462
0.3,89,1.0,l2,liblinear,balanced,0.6782608695652174,0.723916083916084,0.7164835164835165
0.3,89,10.0,l1,liblinear,,0.6608695652173913,0.7208791208791209,0.689010989010989
0.3,89,10.0,l1,liblinear,balanced,0.6608695652173913,0.7208791208791209,0.689010989010989
0.3,89,10.0,l2,liblinear,,0.6695652173913045,0.7107692307692307,0.7340659340659341
0.3,89,10.0,l2,liblinear,balanced,0.6695652173913045,0.7107692307692307,0.7340659340659341
0.3,89,100.0,l1,liblinear,,0.6521739130434783,0.7106227106227105,0.689010989010989
0.3,89,100.0,l1,liblinear,balanced,0.6521739130434783,0.7106227106227105,0.689010989010989
0.3,89,100.0,l2,liblinear,,0.6608695652173914,0.7068131868131868,0.7186813186813188
0.3,89,100.0,l2,liblinear,balanced,0.6608695652173914,0.7068131868131868,0.7186813186813188
0.3,89,1000.0,l1,liblinear,,0.6782608695652174,0.7256410256410255,0.7197802197802199
0.3,89,1000.0,l1,liblinear,balanced,0.6695652173913043,0.7153846153846153,0.7197802197802199
0.3,89,1000.0,l2,liblinear,,0.6434782608695653,0.6870329670329671,0.7186813186813188
0.3,89,1000.0,l2,liblinear,balanced,0.6521739130434783,0.696923076923077,0.7186813186813188
0.35,42,0.1,l1,liblinear,,0.6532467532467532,0.7168627450980392,0.7824175824175825
0.35,42,0.1,l1,liblinear,balanced,0.6441558441558441,0.7414652014652015,0.6824175824175824
0.35,42,0.1,l2,liblinear,,0.7389610389610389,0.8284307359307359,0.7549450549450549
0.35,42,0.1,l2,liblinear,balanced,0.7484848484848484,0.840518648018648,0.7549450549450549
0.35,42,1.0,l1,liblinear,,0.7385281385281386,0.8122418757712875,0.7824175824175825
0.35,42,1.0,l1,liblinear,balanced,0.7480519480519481,0.841497668997669,0.7538461538461538
0.35,42,1.0,l2,liblinear,,0.7571428571428571,0.8247360482654601,0.7967032967032968
0.35,42,1.0,l2,liblinear,balanced,0.7575757575757576,0.8297494172494172,0.7824175824175823
0.35,42,10.0,l1,liblinear,,0.7575757575757576,0.8296794871794871,0.7967032967032968
0.35,42,10.0,l1,liblinear,balanced,0.7484848484848484,0.8274572649572649,0.7824175824175823
0.35,42,10.0,l2,liblinear,,0.7753246753246753,0.8408898944193062,0.8098901098901099
0.35,42,10.0,l2,liblinear,balanced,0.7753246753246752,0.8491666666666667,0.7956043956043957
0.35,42,100.0,l1,liblinear,,0.7571428571428571,0.8355769230769232,0.7956043956043957
0.35,42,100.0,l1,liblinear,balanced,0.7385281385281386,0.8342948717948717,0.767032967032967
0.35,42,100.0,l2,liblinear,,0.7757575757575758,0.8396153846153845,0.8098901098901099
0.35,42,100.0,l2,liblinear,balanced,0.7753246753246752,0.8491666666666667,0.7956043956043957
0.35,42,1000.0,l1,liblinear,,0.738961038961039,0.8098901098901099,0.7813186813186814
0.35,42,1000.0,l1,liblinear,balanced,0.7294372294372293,0.7990567765567766,0.7813186813186814
0.35,42,1000.0,l2,liblinear,,0.7753246753246752,0.8491666666666667,0.7956043956043957
0.35,42,1000.0,l2,liblinear,balanced,0.7753246753246752,0.8491666666666667,0.7956043956043957
0.35,123,0.1,l1,liblinear,,0.6826839826839827,0.7731060606060606,0.7109890109890109
0.35,123,0.1,l1,liblinear,balanced,0.6818181818181819,0.8302164502164503,0.6384615384615385
0.35,123,0.1,l2,liblinear,,0.693939393939394,0.7944232238349885,0.7131868131868131
0.35,123,0.1,l2,liblinear,balanced,0.645887445887446,0.7927777777777777,0.6087912087912087
0.35,123,1.0,l1,liblinear,,0.6839826839826839,0.760674619498149,0.756043956043956
0.35,123,1.0,l1,liblinear,balanced,0.7116883116883116,0.8141125541125541,0.7120879120879121
0.35,123,1.0,l2,liblinear,,0.6935064935064934,0.7921600621600622,0.7263736263736265
0.35,123,1.0,l2,liblinear,balanced,0.7025974025974027,0.8083216783216782,0.7120879120879121
0.35,123,10.0,l1,liblinear,,0.674025974025974,0.7573669467787114,0.7395604395604395
0.35,123,10.0,l1,liblinear,balanced,0.6826839826839828,0.7754545454545455,0.7252747252747251
0.35,123,10.0,l2,liblinear,,0.7116883116883117,0.7950157685451803,0.7538461538461538
0.35,123,10.0,l2,liblinear,balanced,0.7116883116883116,0.8105169340463458,0.7252747252747253
0.35,123,100.0,l1,liblinear,,0.674025974025974,0.7573669467787114,0.7395604395604395
0.35,123,100.0,l1,liblinear,balanced,0.674025974025974,0.7601298701298701,0.7252747252747253
0.35,123,100.0,l2,liblinear,,0.7207792207792207,0.8052721788015905,0.7538461538461538
0.35,123,100.0,l2,liblinear,balanced,0.7303030303030302,0.8180926916221033,0.7538461538461538
0.35,123,1000.0,l1,liblinear,,0.6839826839826839,0.7745098039215685,0.7252747252747251
0.35,123,1000.0,l1,liblinear,balanced,0.6935064935064934,0.8007002801120449,0.7109890109890109
0.35,123,1000.0,l2,liblinear,,0.7116883116883117,0.8023310023310023,0.7395604395604395
0.35,123,1000.0,l2,liblinear,balanced,0.7212121212121212,0.8151515151515151,0.7395604395604395
0.35,456,0.1,l1,liblinear,,0.654978354978355,0.7086367880485527,0.8352380952380953
0.35,456,0.1,l1,liblinear,balanced,0.683116883116883,0.8742857142857143,0.6476190476190476
0.35,456,0.1,l2,liblinear,,0.7584415584415585,0.8575324675324676,0.7828571428571429
0.35,456,0.1,l2,liblinear,balanced,0.7021645021645021,0.8617316017316018,0.6885714285714285
0.35,456,1.0,l1,liblinear,,0.7203463203463205,0.8090152984270631,0.7847619047619048
0.35,456,1.0,l1,liblinear,balanced,0.6926406926406926,0.8201839826839826,0.7161904761904763
0.35,456,1.0,l2,liblinear,,0.72987012987013,0.8218358112475761,0.7828571428571429
0.35,456,1.0,l2,liblinear,balanced,0.7203463203463205,0.8251282051282052,0.7561904761904762
0.35,456,10.0,l1,liblinear,,0.6917748917748917,0.7975500969618616,0.7571428571428571
0.35,456,10.0,l1,liblinear,balanced,0.6731601731601732,0.7916892911010558,0.7304761904761905
0.35,456,10.0,l2,liblinear,,0.7017316017316018,0.786890756302521,0.7838095238095237
0.35,456,10.0,l2,liblinear,balanced,0.7017316017316018,0.786890756302521,0.7838095238095237
0.35,456,100.0,l1,liblinear,,0.6826839826839828,0.7821288515406163,0.7561904761904762
0.35,456,100.0,l1,liblinear,balanced,0.6922077922077923,0.7953156647274294,0.7561904761904762
0.35,456,100.0,l2,liblinear,,0.6831168831168831,0.7813962508080156,0.7571428571428571
0.35,456,100.0,l2,liblinear,balanced,0.6831168831168831,0.7813962508080156,0.7571428571428571
0.35,456,1000.0,l1,liblinear,,0.6922077922077923,0.7942167636285283,0.7571428571428571
0.35,456,1000.0,l1,liblinear,balanced,0.6731601731601732,0.7870739064856712,0.7285714285714285
0.35,456,1000.0,l2,liblinear,,0.664069264069264,0.7755354449472097,0.7295238095238096
0.35,456,1000.0,l2,liblinear,balanced,0.664069264069264,0.7755354449472097,0.7295238095238096
0.35,89,0.1,l1,liblinear,,0.5705627705627705,0.6508857808857809,0.5423076923076924
0.35,89,0.1,l1,liblinear,balanced,0.561038961038961,0.6375524475524476,0.5423076923076924
0.35,89,0.1,l2,liblinear,,0.7281385281385282,0.7493506493506494,0.7846153846153847
0.35,89,0.1,l2,liblinear,balanced,0.70995670995671,0.7505494505494505,0.7371794871794872
0.35,89,1.0,l1,liblinear,,0.7008658008658009,0.7405594405594405,0.7384615384615385
0.35,89,1.0,l1,liblinear,balanced,0.7012987012987013,0.766060606060606,0.6884615384615385
0.35,89,1.0,l2,liblinear,,0.7012987012987013,0.7391275391275391,0.7371794871794872
0.35,89,1.0,l2,liblinear,balanced,0.6917748917748917,0.7347319347319348,0.7205128205128205
0.35,89,10.0,l1,liblinear,,0.6541125541125542,0.7002564102564102,0.6871794871794872
0.35,89,10.0,l1,liblinear,balanced,0.6541125541125542,0.7002564102564102,0.6871794871794872
0.35,89,10.0,l2,liblinear,,0.6636363636363637,0.7053846153846154,0.7038461538461539
0.35,89,10.0,l2,liblinear,balanced,0.6636363636363637,0.7053846153846154,0.7038461538461539
0.35,89,100.0,l1,liblinear,,0.6541125541125542,0.71004662004662,0.6717948717948719
0.35,89,100.0,l1,liblinear,balanced,0.6632034632034632,0.7130769230769232,0.6871794871794872
0.35,89,100.0,l2,liblinear,,0.6541125541125542,0.7002564102564102,0.6871794871794872
0.35,89,100.0,l2,liblinear,balanced,0.6541125541125542,0.7002564102564102,0.6871794871794872
0.35,89,1000.0,l1,liblinear,,0.6536796536796536,0.7070163170163171,0.6705128205128206
0.35,89,1000.0,l1,liblinear,balanced,0.6536796536796536,0.7070163170163171,0.6705128205128206
0.35,89,1000.0,l2,liblinear,,0.6354978354978356,0.6847219447219447,0.6705128205128206
0.35,89,1000.0,l2,liblinear,balanced,0.6264069264069263,0.6783116883116883,0.6538461538461539
0.4,42,0.1,l1,liblinear,,0.6057894736842105,0.6867032967032968,0.6743589743589744
0.4,42,0.1,l1,liblinear,balanced,0.6157894736842106,0.6976923076923077,0.6743589743589744
0.4,42,0.1,l2,liblinear,,0.716842105263158,0.7802197802197801,0.7564102564102564
0.4,42,0.1,l2,liblinear,balanced,0.726842105263158,0.8146853146853147,0.7243589743589743
0.4,42,1.0,l1,liblinear,,0.6863157894736842,0.7458541458541459,0.7564102564102564
0.4,42,1.0,l1,liblinear,balanced,0.6857894736842106,0.7513886113886115,0.7397435897435898
0.4,42,1.0,l2,liblinear,,0.7063157894736843,0.7558041958041958,0.7730769230769231
0.4,42,1.0,l2,liblinear,balanced,0.7163157894736842,0.7778554778554779,0.7564102564102564
0.4,42,10.0,l1,liblinear,,0.6763157894736842,0.744988344988345,0.741025641025641
0.4,42,10.0,l1,liblinear,balanced,0.6863157894736842,0.7545121545121546,0.741025641025641
0.4,42,10.0,l2,liblinear,,0.6863157894736842,0.7424708624708625,0.7564102564102564
0.4,42,10.0,l2,liblinear,balanced,0.6763157894736842,0.7386613386613388,0.7397435897435897
0.4,42,100.0,l1,liblinear,,0.6763157894736842,0.7486013986013986,0.7243589743589743
0.4,42,100.0,l1,liblinear,balanced,0.6863157894736842,0.7622377622377623,0.7243589743589743
0.4,42,100.0,l2,liblinear,,0.6557894736842106,0.7297435897435898,0.7064102564102563
0.4,42,100.0,l2,liblinear,balanced,0.6557894736842106,0.7297435897435898,0.7064102564102563
0.4,42,1000.0,l1,liblinear,,0.6657894736842105,0.7348717948717949,0.7230769230769231
0.4,42,1000.0,l1,liblinear,balanced,0.6757894736842105,0.7403263403263403,0.7397435897435897
0.4,42,1000.0,l2,liblinear,,0.6657894736842105,0.7351981351981351,0.723076923076923
0.4,42,1000.0,l2,liblinear,balanced,0.6657894736842105,0.7351981351981351,0.723076923076923
0.4,123,0.1,l1,liblinear,,0.6263157894736843,0.80512987012987,0.5474358974358975
0.4,123,0.1,l1,liblinear,balanced,0.6268421052631579,0.7914285714285715,0.5628205128205128
0.4,123,0.1,l2,liblinear,,0.7273684210526317,0.8191558441558442,0.7256410256410257
0.4,123,0.1,l2,liblinear,balanced,0.7273684210526317,0.8332972582972584,0.708974358974359
0.4,123,1.0,l1,liblinear,,0.7373684210526316,0.8114607614607614,0.7602564102564102
0.4,123,1.0,l1,liblinear,balanced,0.7373684210526316,0.8212509712509712,0.7435897435897435
0.4,123,1.0,l2,liblinear,,0.7473684210526316,0.8241558441558441,0.758974358974359
0.4,123,1.0,l2,liblinear,balanced,0.7368421052631579,0.8205194805194805,0.7423076923076923
0.4,123,10.0,l1,liblinear,,0.746842105263158,0.8106593406593406,0.7756410256410257
0.4,123,10.0,l1,liblinear,balanced,0.726842105263158,0.8062393162393162,0.7435897435897435
0.4,123,10.0,l2,liblinear,,0.7678947368421053,0.8423376623376624,0.7756410256410258
0.4,123,10.0,l2,liblinear,balanced,0.7573684210526317,0.84011544011544,0.758974358974359
0.4,123,100.0,l1,liblinear,,0.746842105263158,0.8106593406593406,0.7756410256410257
0.4,123,100.0,l1,liblinear,balanced,0.736842105263158,0.8084615384615385,0.7602564102564102
0.4,123,100.0,l2,liblinear,,0.778421052631579,0.8441558441558442,0.7923076923076924
0.4,123,100.0,l2,liblinear,balanced,0.7678947368421053,0.8423376623376624,0.7756410256410258
0.4,123,1000.0,l1,liblinear,,0.7673684210526316,0.81996003996004,0.8076923076923077
0.4,123,1000.0,l1,liblinear,balanced,0.7673684210526316,0.8383982683982684,0.7756410256410257
0.4,123,1000.0,l2,liblinear,,0.778421052631579,0.8441558441558442,0.7923076923076924
0.4,123,1000.0,l2,liblinear,balanced,0.778421052631579,0.8441558441558442,0.7923076923076924
0.4,456,0.1,l1,liblinear,,0.6452631578947368,0.7053869969040247,0.8373626373626374
0.4,456,0.1,l1,liblinear,balanced,0.7063157894736841,0.8916239316239316,0.665934065934066
0.4,456,0.1,l2,liblinear,,0.7468421052631579,0.8367132867132867,0.7956043956043957
0.4,456,0.1,l2,liblinear,balanced,0.7063157894736841,0.8770979020979022,0.6791208791208792
0.4,456,1.0,l1,liblinear,,0.6673684210526317,0.7642533936651583,0.7681318681318682
0.4,456,1.0,l1,liblinear,balanced,0.6873684210526316,0.807889757301522,0.7384615384615385
0.4,456,1.0,l2,liblinear,,0.6968421052631578,0.794918414918415,0.767032967032967
0.4,456,1.0,l2,liblinear,balanced,0.6768421052631579,0.797016317016317,0.724175824175824
0.4,456,10.0,l1,liblinear,,0.6873684210526316,0.7827380952380953,0.7681318681318682
0.4,456,10.0,l1,liblinear,balanced,0.6973684210526316,0.7937271062271063,0.7681318681318682
0.4,456,10.0,l2,liblinear,,0.7073684210526315,0.7957142857142858,0.7824175824175824
0.4,456,10.0,l2,liblinear,balanced,0.7173684210526315,0.8061904761904761,0.7824175824175824
0.4,456,100.0,l1,liblinear,,0.7073684210526316,0.8028937728937728,0.7681318681318682
0.4,456,100.0,l1,liblinear,balanced,0.7073684210526316,0.8028937728937728,0.7681318681318682
0.4,456,100.0,l2,liblinear,,0.6868421052631579,0.7790842490842491,0.7681318681318681
0.4,456,100.0,l2,liblinear,balanced,0.7073684210526315,0.805091575091575,0.7681318681318681
0.4,456,1000.0,l1,liblinear,,0.6668421052631579,0.7805827505827505,0.7252747252747253
0.4,456,1000.0,l1,liblinear,balanced,0.6768421052631579,0.7910589410589411,0.7252747252747253
0.4,456,1000.0,l2,liblinear,,0.6868421052631579,0.7790842490842491,0.7681318681318681
0.4,456,1000.0,l2,liblinear,balanced,0.6868421052631579,0.7790842490842491,0.7681318681318681
0.4,89,0.1,l1,liblinear,,0.5863157894736842,0.6634920634920636,0.5393939393939393
0.4,89,0.1,l1,liblinear,balanced,0.5873684210526317,0.6470238095238094,0.5757575757575758
0.4,89,0.1,l2,liblinear,,0.7789473684210526,0.7980769230769231,0.8227272727272726
0.4,89,0.1,l2,liblinear,balanced,0.7484210526315789,0.7871212121212122,0.7696969696969698
0.4,89,1.0,l1,liblinear,,0.6863157894736842,0.7547979797979798,0.6803030303030303
0.4,89,1.0,l1,liblinear,balanced,0.6868421052631578,0.7633477633477634,0.6621212121212121
0.4,89,1.0,l2,liblinear,,0.6973684210526316,0.7532234432234433,0.7151515151515151
0.4,89,1.0,l2,liblinear,balanced,0.6973684210526316,0.7602164502164502,0.696969696969697
0.4,89,10.0,l1,liblinear,,0.6873684210526316,0.7480952380952381,0.696969696969697
0.4,89,10.0,l1,liblinear,balanced,0.6773684210526316,0.7436507936507936,0.6803030303030304
0.4,89,10.0,l2,liblinear,,0.6873684210526316,0.7480952380952381,0.696969696969697
0.4,89,10.0,l2,liblinear,balanced,0.6873684210526316,0.7480952380952381,0.696969696969697
0.4,89,100.0,l1,liblinear,,0.6978947368421053,0.751941391941392,0.7151515151515151
0.4,89,100.0,l1,liblinear,balanced,0.6978947368421053,0.751941391941392,0.7151515151515151
0.4,89,100.0,l2,liblinear,,0.6878947368421052,0.7474969474969474,0.6984848484848485
0.4,89,100.0,l2,liblinear,balanced,0.6773684210526316,0.7436507936507936,0.6803030303030304
0.4,89,1000.0,l1,liblinear,,0.7078947368421054,0.7574786324786325,0.7348484848484849
0.4,89,1000.0,l1,liblinear,balanced,0.7078947368421054,0.7631895881895882,0.7166666666666667
0.4,89,1000.0,l2,liblinear,,0.6778947368421052,0.7414363414363414,0.6803030303030304
0.4,89,1000.0,l2,liblinear,balanced,0.6778947368421052,0.7414363414363414,0.6803030303030304
